<?xml version="1.0" encoding="UTF-8"?>
<project-private xmlns="http://www.netbeans.org/ns/project-private/1">
    <editor-bookmarks xmlns="http://www.netbeans.org/ns/editor-bookmarks/2" lastBookmarkId="0"/>
    <open-files xmlns="http://www.netbeans.org/ns/projectui-open-files/2">
        <group>
            <file>file:/C:/Users/szakr/Documents/NetBeansProjects/LibraryManagement/src/librarymanagement/Staff.java</file>
            <file>file:/C:/Users/szakr/Documents/NetBeansProjects/LibraryManagement/src/librarymanagement/Book.java</file>
            <file>file:/C:/Users/szakr/Documents/NetBeansProjects/LibraryManagement/src/librarymanagement/Account.java</file>
            <file>file:/C:/Users/szakr/Documents/NetBeansProjects/LibraryManagement/src/librarymanagement/Library.java</file>
            <file>file:/C:/Users/szakr/Documents/NetBeansProjects/LibraryManagement/src/librarymanagement/User.java</file>
            <file>file:/C:/Users/szakr/Documents/NetBeansProjects/LibraryManagement/src/librarymanagement/LogIn.java</file>
            <file>file:/C:/Users/szakr/Documents/NetBeansProjects/LibraryManagement/src/librarymanagement/LibraryManagement.java</file>
            <file>file:/C:/Users/szakr/Documents/NetBeansProjects/LibraryManagement/src/librarymanagement/Supplier.java</file>
        </group>
    </open-files>
</project-private>
